{
  "buffers": [
    {
      "alignment": 4,
      "batch": 0,
      "channel_first": true,
      "channel_last": true,
      "epochs": {
        "end": 1,
        "start": 0
      },
      "flags": "STAI_FLAG_WEIGHTS|STAI_FLAG_CONST|STAI_FLAG_PREALLOCATED",
      "format": "STAI_FORMAT_FLOAT",
      "id": 105,
      "intq": {},
      "is_param": true,
      "mpool_id": 2,
      "name": "gemm_0_bias_array",
      "nbits": 32,
      "offset_start": 0,
      "qmn": {},
      "shape": [
        100
      ],
      "shape_map": [
        "CH"
      ],
      "size_bytes": 400
    },
    {
      "alignment": 4,
      "batch": 0,
      "channel_first": true,
      "channel_last": true,
      "epochs": {
        "end": 6,
        "start": 3
      },
      "flags": "STAI_FLAG_PREALLOCATED|STAI_FLAG_ACTIVATIONS",
      "format": "STAI_FORMAT_FLOAT",
      "id": 90,
      "intq": {},
      "is_param": false,
      "mpool_id": 0,
      "name": "gemm_0_output_array",
      "nbits": 32,
      "offset_start": 400,
      "qmn": {},
      "shape": [
        100
      ],
      "shape_map": [
        "CH"
      ],
      "size_bytes": 400
    },
    {
      "alignment": 4,
      "batch": 0,
      "channel_first": true,
      "channel_last": true,
      "epochs": {
        "end": 1,
        "start": 0
      },
      "flags": "STAI_FLAG_WEIGHTS|STAI_FLAG_CONST|STAI_FLAG_PREALLOCATED",
      "format": "STAI_FORMAT_FLOAT",
      "id": 102,
      "intq": {},
      "is_param": true,
      "mpool_id": 1,
      "name": "gemm_0_weights_array",
      "nbits": 32,
      "offset_start": 0,
      "qmn": {},
      "shape": [
        100,
        26
      ],
      "shape_map": [
        "CH",
        "CH_IN"
      ],
      "size_bytes": 10400
    },
    {
      "alignment": 4,
      "batch": 0,
      "channel_first": true,
      "channel_last": true,
      "epochs": {
        "end": 1,
        "start": 0
      },
      "flags": "STAI_FLAG_WEIGHTS|STAI_FLAG_CONST|STAI_FLAG_PREALLOCATED",
      "format": "STAI_FORMAT_FLOAT",
      "id": 111,
      "intq": {},
      "is_param": true,
      "mpool_id": 4,
      "name": "gemm_1_bias_array",
      "nbits": 32,
      "offset_start": 0,
      "qmn": {},
      "shape": [
        100
      ],
      "shape_map": [
        "CH"
      ],
      "size_bytes": 400
    },
    {
      "alignment": 4,
      "batch": 0,
      "channel_first": true,
      "channel_last": true,
      "epochs": {
        "end": 10,
        "start": 7
      },
      "flags": "STAI_FLAG_PREALLOCATED|STAI_FLAG_ACTIVATIONS",
      "format": "STAI_FORMAT_FLOAT",
      "id": 94,
      "intq": {},
      "is_param": false,
      "mpool_id": 0,
      "name": "gemm_1_output_array",
      "nbits": 32,
      "offset_start": 0,
      "qmn": {},
      "shape": [
        100
      ],
      "shape_map": [
        "CH"
      ],
      "size_bytes": 400
    },
    {
      "alignment": 4,
      "batch": 0,
      "channel_first": true,
      "channel_last": true,
      "epochs": {
        "end": 1,
        "start": 0
      },
      "flags": "STAI_FLAG_WEIGHTS|STAI_FLAG_CONST|STAI_FLAG_PREALLOCATED",
      "format": "STAI_FORMAT_FLOAT",
      "id": 108,
      "intq": {},
      "is_param": true,
      "mpool_id": 3,
      "name": "gemm_1_weights_array",
      "nbits": 32,
      "offset_start": 0,
      "qmn": {},
      "shape": [
        100,
        100
      ],
      "shape_map": [
        "CH",
        "CH_IN"
      ],
      "size_bytes": 40000
    },
    {
      "alignment": 4,
      "batch": 0,
      "channel_first": true,
      "channel_last": true,
      "epochs": {
        "end": 1,
        "start": 0
      },
      "flags": "STAI_FLAG_WEIGHTS|STAI_FLAG_CONST|STAI_FLAG_PREALLOCATED",
      "format": "STAI_FORMAT_FLOAT",
      "id": 117,
      "intq": {},
      "is_param": true,
      "mpool_id": 6,
      "name": "gemm_2_bias_array",
      "nbits": 32,
      "offset_start": 0,
      "qmn": {},
      "shape": [
        10
      ],
      "shape_map": [
        "CH"
      ],
      "size_bytes": 40
    },
    {
      "alignment": 4,
      "batch": 0,
      "channel_first": true,
      "channel_last": true,
      "epochs": {
        "end": 14,
        "start": 11
      },
      "flags": "STAI_FLAG_PREALLOCATED|STAI_FLAG_ACTIVATIONS",
      "format": "STAI_FORMAT_FLOAT",
      "id": 98,
      "intq": {},
      "is_param": false,
      "mpool_id": 0,
      "name": "gemm_2_output_array",
      "nbits": 32,
      "offset_start": 0,
      "qmn": {},
      "shape": [
        10
      ],
      "shape_map": [
        "CH"
      ],
      "size_bytes": 40
    },
    {
      "alignment": 4,
      "batch": 0,
      "channel_first": true,
      "channel_last": true,
      "epochs": {
        "end": 1,
        "start": 0
      },
      "flags": "STAI_FLAG_WEIGHTS|STAI_FLAG_CONST|STAI_FLAG_PREALLOCATED",
      "format": "STAI_FORMAT_FLOAT",
      "id": 114,
      "intq": {},
      "is_param": true,
      "mpool_id": 5,
      "name": "gemm_2_weights_array",
      "nbits": 32,
      "offset_start": 0,
      "qmn": {},
      "shape": [
        10,
        100
      ],
      "shape_map": [
        "CH",
        "CH_IN"
      ],
      "size_bytes": 4000
    },
    {
      "alignment": 4,
      "batch": 0,
      "channel_first": true,
      "channel_last": true,
      "epochs": {
        "end": 8,
        "start": 5
      },
      "flags": "STAI_FLAG_PREALLOCATED|STAI_FLAG_ACTIVATIONS",
      "format": "STAI_FORMAT_FLOAT",
      "id": 92,
      "intq": {},
      "is_param": false,
      "mpool_id": 0,
      "name": "nl_0_nl_output_array",
      "nbits": 32,
      "offset_start": 400,
      "qmn": {},
      "shape": [
        100
      ],
      "shape_map": [
        "CH"
      ],
      "size_bytes": 400
    },
    {
      "alignment": 4,
      "batch": 0,
      "channel_first": true,
      "channel_last": true,
      "epochs": {
        "end": 12,
        "start": 9
      },
      "flags": "STAI_FLAG_PREALLOCATED|STAI_FLAG_ACTIVATIONS",
      "format": "STAI_FORMAT_FLOAT",
      "id": 96,
      "intq": {},
      "is_param": false,
      "mpool_id": 0,
      "name": "nl_1_nl_output_array",
      "nbits": 32,
      "offset_start": 400,
      "qmn": {},
      "shape": [
        100
      ],
      "shape_map": [
        "CH"
      ],
      "size_bytes": 400
    },
    {
      "alignment": 4,
      "batch": 0,
      "channel_first": true,
      "channel_last": true,
      "epochs": {
        "end": 15,
        "start": 13
      },
      "flags": "STAI_FLAG_OUTPUTS|STAI_FLAG_PREALLOCATED|STAI_FLAG_ACTIVATIONS",
      "format": "STAI_FORMAT_FLOAT",
      "id": 100,
      "intq": {},
      "is_param": false,
      "mpool_id": 0,
      "name": "nl_3_output_array",
      "nbits": 32,
      "offset_start": 40,
      "qmn": {},
      "shape": [
        10
      ],
      "shape_map": [
        "CH"
      ],
      "size_bytes": 40
    },
    {
      "alignment": 4,
      "batch": 0,
      "channel_first": true,
      "channel_last": true,
      "epochs": {
        "end": 4,
        "start": 2
      },
      "flags": "STAI_FLAG_INPUTS|STAI_FLAG_PREALLOCATED|STAI_FLAG_ACTIVATIONS",
      "format": "STAI_FORMAT_FLOAT",
      "id": 88,
      "intq": {},
      "is_param": false,
      "mpool_id": 0,
      "name": "serving_default_input_layer0_output_array",
      "nbits": 32,
      "offset_start": 296,
      "qmn": {},
      "shape": [
        26
      ],
      "shape_map": [
        "CH"
      ],
      "size_bytes": 104
    }
  ],
  "environment": {
    "generated_model": {
      "generated_time": "2026-01-02T18:28:25+0000",
      "model_files": [
        {
          "name": "network_data.h",
          "signature": "0x8eb83362d61f3b1f54d7076ea6bec737"
        },
        {
          "name": "network_data.c",
          "signature": "0x57d1521b21e01ca63c62e4b0872b8b29"
        },
        {
          "name": "network.h",
          "signature": "0x7a6bee562a035a3dc130fdfd2ec3ff85"
        },
        {
          "name": "network.c",
          "signature": "0xd9907a65eaa013d1c1b8fa33a0213c93"
        },
        {
          "name": "network_details.h",
          "signature": "0xbf57963bdd4256a171c9e335a01f9efc"
        }
      ],
      "name": "network"
    },
    "network_signature": "0xb54643b2b51264d8",
    "test_name": "",
    "tools": [
      {
        "arguments": "generate --workspace /tmp/rootDir-fe4e5f60-ea7d-4c48-ab88-1fb47457d78d/NUCLEO-F446RE/.ai --output /tmp/rootDir-fe4e5f60-ea7d-4c48-ab88-1fb47457d78d/NUCLEO-F446RE/.ai/output --quiet --split-weights --target stm32f4 --name network --optimization balanced --model model.tflite --memory-pool /tmp/rootDir-fe4e5f60-ea7d-4c48-ab88-1fb47457d78d/NUCLEO-F446RE/.ai/mempools-board.json --memory-pool /tmp/rootDir-fe4e5f60-ea7d-4c48-ab88-1fb47457d78d/NUCLEO-F446RE/.ai/mempools-board.json",
        "environment": [
          "STATS_TYPE=project_service"
        ],
        "input_model": {
          "model_files": [
            {
              "name": "model.tflite",
              "signature": "0xdc8725c1157a6f69d26b84dd8c05ad6d"
            }
          ],
          "n_params": 13810,
          "name": "model",
          "size": 17440,
          "type": "tflite"
        },
        "name": "ST.EdgeAI.Core",
        "version": "3.0.0-20426 123672867"
      }
    ]
  },
  "graphs": [
    {
      "edges": [
        {
          "buffer": 90,
          "edge_kind": "EDGE_MEMORY",
          "end": {
            "node_id": 8,
            "port": 0
          },
          "id": 0,
          "name": "n7-p0_n8-p0",
          "start": {
            "node_id": 7,
            "port": 0
          }
        },
        {
          "buffer": 92,
          "edge_kind": "EDGE_MEMORY",
          "end": {
            "node_id": 9,
            "port": 0
          },
          "id": 1,
          "name": "n8-p0_n9-p0",
          "start": {
            "node_id": 8,
            "port": 0
          }
        },
        {
          "buffer": 94,
          "edge_kind": "EDGE_MEMORY",
          "end": {
            "node_id": 10,
            "port": 0
          },
          "id": 2,
          "name": "n9-p0_n10-p0",
          "start": {
            "node_id": 9,
            "port": 0
          }
        },
        {
          "buffer": 96,
          "edge_kind": "EDGE_MEMORY",
          "end": {
            "node_id": 11,
            "port": 0
          },
          "id": 3,
          "name": "n10-p0_n11-p0",
          "start": {
            "node_id": 10,
            "port": 0
          }
        },
        {
          "buffer": 98,
          "edge_kind": "EDGE_MEMORY",
          "end": {
            "node_id": 12,
            "port": 0
          },
          "id": 4,
          "name": "n11-p0_n12-p0",
          "start": {
            "node_id": 11,
            "port": 0
          }
        }
      ],
      "id": 0,
      "inputs": [
        88
      ],
      "name": "model",
      "nodes": [
        {
          "attributes": {
            "num_units": "100",
            "use_bias": "True"
          },
          "id": 7,
          "inputs": [
            88,
            102,
            105
          ],
          "macc": 2700,
          "mapping": "NODE_SW",
          "name": "gemm_0",
          "original_nodes": [
            "0"
          ],
          "outputs": [
            90
          ],
          "scratchs": [],
          "subgraph_nodes": [],
          "sw_functions": [
            "forward_lite_dense_if32of32wf32"
          ],
          "type": "Dense"
        },
        {
          "attributes": {
            "nonlinearity": "relu"
          },
          "id": 8,
          "inputs": [
            90
          ],
          "macc": 100,
          "mapping": "NODE_SW",
          "name": "nl_0_nl",
          "original_nodes": [
            "0"
          ],
          "outputs": [
            92
          ],
          "scratchs": [],
          "subgraph_nodes": [],
          "sw_functions": [
            "forward_lite_nl_relu_if32of32"
          ],
          "type": "Nonlinearity"
        },
        {
          "attributes": {
            "num_units": "100",
            "use_bias": "True"
          },
          "id": 9,
          "inputs": [
            92,
            108,
            111
          ],
          "macc": 10100,
          "mapping": "NODE_SW",
          "name": "gemm_1",
          "original_nodes": [
            "1"
          ],
          "outputs": [
            94
          ],
          "scratchs": [],
          "subgraph_nodes": [],
          "sw_functions": [
            "forward_lite_dense_if32of32wf32"
          ],
          "type": "Dense"
        },
        {
          "attributes": {
            "nonlinearity": "relu"
          },
          "id": 10,
          "inputs": [
            94
          ],
          "macc": 100,
          "mapping": "NODE_SW",
          "name": "nl_1_nl",
          "original_nodes": [
            "1"
          ],
          "outputs": [
            96
          ],
          "scratchs": [],
          "subgraph_nodes": [],
          "sw_functions": [
            "forward_lite_nl_relu_if32of32"
          ],
          "type": "Nonlinearity"
        },
        {
          "attributes": {
            "num_units": "10",
            "use_bias": "True"
          },
          "id": 11,
          "inputs": [
            96,
            114,
            117
          ],
          "macc": 1010,
          "mapping": "NODE_SW",
          "name": "gemm_2",
          "original_nodes": [
            "2"
          ],
          "outputs": [
            98
          ],
          "scratchs": [],
          "subgraph_nodes": [],
          "sw_functions": [
            "forward_lite_dense_if32of32wf32"
          ],
          "type": "Dense"
        },
        {
          "attributes": {
            "axis": "CH",
            "nonlinearity": "softmax",
            "orig_axis": "-1"
          },
          "id": 12,
          "inputs": [
            98
          ],
          "macc": 150,
          "mapping": "NODE_SW",
          "name": "nl_3",
          "original_nodes": [
            "3"
          ],
          "outputs": [
            100
          ],
          "scratchs": [],
          "subgraph_nodes": [],
          "sw_functions": [
            "forward_lite_nl_softmax_if32of32"
          ],
          "type": "Nonlinearity"
        }
      ],
      "original_inputs": [
        {
          "c_shape_map": [],
          "data_format": {
            "quantizer": "NONE",
            "scale": [],
            "size": 32,
            "type": "FLOAT",
            "zero": []
          },
          "name": "serving_default_input_layer0",
          "shape": [
            1,
            26
          ],
          "shape_map": [
            "BATCH",
            "CH"
          ]
        }
      ],
      "original_outputs": [
        {
          "c_shape_map": [],
          "data_format": {
            "quantizer": "NONE",
            "scale": [],
            "size": 32,
            "type": "FLOAT",
            "zero": []
          },
          "name": "nl_3",
          "shape": [
            1,
            10
          ],
          "shape_map": [
            "BATCH",
            "CH"
          ]
        }
      ],
      "outputs": [
        100
      ]
    }
  ],
  "json_schema_version": "2.0",
  "memory_footprint": {
    "activations": 800,
    "io": [
      0,
      0
    ],
    "kernel_flash": 2902,
    "kernel_ram": 0,
    "series": "stm32f4",
    "toolchain": "arm-none-eabi-gcc (GNU Tools for STM32 13.3.rel1.20240926-1715) 13.3.1 20240614",
    "toolchain_flash": 638,
    "toolchain_ram": 0,
    "weights": 55240
  },
  "memory_pools": [
    {
      "address": "0x20000000",
      "alignment": 4,
      "attributes": {
        "latency": "LOW",
        "score": 802,
        "throughput": "HIGH"
      },
      "buffers": [
        88,
        90,
        92,
        94,
        96,
        98,
        100
      ],
      "id": 0,
      "name": "POOL_0_RAM",
      "offset_start": 0,
      "persistent": false,
      "rights": "ACC_WRITE",
      "size_bytes": 120422,
      "subpools": [],
      "used_size_bytes": 800,
      "user_allocated": false,
      "virtual": false
    },
    {
      "address": "g_network_gemm_0_weights_array",
      "alignment": null,
      "attributes": {
        "latency": "UNDEF",
        "score": 0,
        "throughput": "UNDEF"
      },
      "buffers": [
        102
      ],
      "id": 1,
      "name": "gemm_0_weights_array",
      "offset_start": 0,
      "persistent": true,
      "rights": "ACC_READ",
      "size_bytes": -1,
      "subpools": [],
      "used_size_bytes": 10400,
      "user_allocated": false,
      "virtual": false
    },
    {
      "address": "g_network_gemm_0_bias_array",
      "alignment": null,
      "attributes": {
        "latency": "UNDEF",
        "score": 0,
        "throughput": "UNDEF"
      },
      "buffers": [
        105
      ],
      "id": 2,
      "name": "gemm_0_bias_array",
      "offset_start": 0,
      "persistent": true,
      "rights": "ACC_READ",
      "size_bytes": -1,
      "subpools": [],
      "used_size_bytes": 400,
      "user_allocated": false,
      "virtual": false
    },
    {
      "address": "g_network_gemm_1_weights_array",
      "alignment": null,
      "attributes": {
        "latency": "UNDEF",
        "score": 0,
        "throughput": "UNDEF"
      },
      "buffers": [
        108
      ],
      "id": 3,
      "name": "gemm_1_weights_array",
      "offset_start": 0,
      "persistent": true,
      "rights": "ACC_READ",
      "size_bytes": -1,
      "subpools": [],
      "used_size_bytes": 40000,
      "user_allocated": false,
      "virtual": false
    },
    {
      "address": "g_network_gemm_1_bias_array",
      "alignment": null,
      "attributes": {
        "latency": "UNDEF",
        "score": 0,
        "throughput": "UNDEF"
      },
      "buffers": [
        111
      ],
      "id": 4,
      "name": "gemm_1_bias_array",
      "offset_start": 0,
      "persistent": true,
      "rights": "ACC_READ",
      "size_bytes": -1,
      "subpools": [],
      "used_size_bytes": 400,
      "user_allocated": false,
      "virtual": false
    },
    {
      "address": "g_network_gemm_2_weights_array",
      "alignment": null,
      "attributes": {
        "latency": "UNDEF",
        "score": 0,
        "throughput": "UNDEF"
      },
      "buffers": [
        114
      ],
      "id": 5,
      "name": "gemm_2_weights_array",
      "offset_start": 0,
      "persistent": true,
      "rights": "ACC_READ",
      "size_bytes": -1,
      "subpools": [],
      "used_size_bytes": 4000,
      "user_allocated": false,
      "virtual": false
    },
    {
      "address": "g_network_gemm_2_bias_array",
      "alignment": null,
      "attributes": {
        "latency": "UNDEF",
        "score": 0,
        "throughput": "UNDEF"
      },
      "buffers": [
        117
      ],
      "id": 6,
      "name": "gemm_2_bias_array",
      "offset_start": 0,
      "persistent": true,
      "rights": "ACC_READ",
      "size_bytes": -1,
      "subpools": [],
      "used_size_bytes": 40,
      "user_allocated": false,
      "virtual": false
    }
  ]
}